id,Blog length ,# of comments,"# in-links	",# out-link
31,421,96249883,3648,757511
47,492,49503467,785395,907492
37,823,91493441,29825,563931
100,915,93378548,993227,906262
3,133,10793928,49582,237172
61,420,16330792,782285,717211
71,3,8971120,681903,73871
53,67,77805396,352454,429468
47,142,35157507,173936,220512
97,394,60761169,978118,137114
25,384,18818087,927925,460280
74,954,27961430,752647,394089
38,131,95457590,732385,707966
30,991,72076084,90142,663438
60,775,56235358,955297,584569
95,301,15285643,300180,246589
25,293,31999727,375725,114181
95,948,95575829,441990,471107
89,942,31617870,237664,215173
64,379,56622513,806100,633622
23,24,96946990,840797,911483
88,353,38938354,603479,503925
32,663,83359127,68716,216883
56,873,30517292,337812,837691
93,475,26591074,111769,994683
75,761,77355898,160449,885213
1,378,91437064,30840,516843
90,435,51403709,609555,284100
15,482,82472043,63157,396735
1,192,80806004,538549,839467
14,666,6187825,198207,351312
10,1,30287079,244358,853695
64,342,31537764,190545,425082
87,875,65445850,217202,27059
72,524,50619176,724658,662165
37,884,70515845,769958,519855
14,790,87948887,471483,297613
11,42,65649345,763703,960188
44,462,85037850,103328,260676
20,942,1323897,362654,394443
4,138,96586049,300818,148379
73,318,11003834,986658,227243
37,53,95848566,560626,456948
26,658,29105836,450327,14629
6,318,85394245,461747,454289
58,113,61647589,295511,798910
28,100,49831817,852741,551461
52,189,8832408,722898,109327
49,503,54103158,621822,912250
96,319,17430094,541968,908907
17,929,18647296,166944,253583
1,749,34754652,519036,189153
38,248,23609460,605873,704877
60,131,87040151,30974,450652
67,869,92167037,604204,339965
61,437,34552429,265267,333559
80,642,36161983,500224,628776
80,778,59450800,775826,572031
18,629,20809755,794792,620603
88,438,4143571,209014,228244
19,71,34032859,600113,972237
78,293,39080676,664876,385559
36,111,61431729,114442,158851
93,16,81955391,888048,586837
74,450,35494037,278200,269962
26,637,66188455,395757,45519
5,127,46805285,463526,881980
73,452,73318074,39361,840998
33,965,48868266,439077,335542
29,632,41641983,20625,485854
84,887,35284928,847463,541759
38,884,66177736,615216,210971
36,203,10203950,116330,584462
71,304,3109847,27602,431300
78,529,59049378,984062,714254
16,47,37477118,596036,380810
65,741,7002068,867870,283627
55,968,1790230,640104,450890
1,852,72122796,960258,283385
66,953,37929166,157586,250026
82,867,32398171,591133,212906
24,244,14818442,745026,264372
60,932,19485238,450960,833638
68,852,17085422,249991,474133
61,552,74915597,990280,186252
7,320,32120375,409916,849672
87,52,46780219,624139,801326
68,437,50518294,457543,962297
84,738,82869087,721729,271977
56,921,66224833,534845,896653
95,715,30307245,996870,686744
42,718,98404007,833804,538554
62,183,21336609,926221,581484
53,544,91958150,967361,237850
70,809,3304506,639322,143364
30,994,49834084,939945,670471
54,473,23338913,112314,536739
13,299,3497466,260651,368329
30,233,55361848,763427,18373
84,337,57198358,891492,861985
88,555,94678124,398263,570305
65,326,59817388,24188,303422
39,230,87630264,331381,694278
46,301,88678707,349437,572955
94,181,93449069,211327,25295
72,898,1765796,914946,309178
77,1,84104970,526580,81290
50,292,74982808,632347,343409
86,962,80818260,983192,925485
48,375,17620275,573537,824019
71,812,52869340,936320,968505
94,830,53980362,197915,282291
19,555,58938345,783891,794908
9,325,46226452,555001,50896
53,950,7927277,510170,801267
97,410,86916809,679429,930605
23,659,41457051,661212,62030
66,189,41657776,933646,858595
83,450,70499237,350117,866141
86,213,68496723,949625,298851
97,160,55578883,842860,773129
7,451,71571399,979390,140050
35,552,50184187,380566,310417
43,56,1122862,525079,78452
71,746,21720946,912543,600926
73,640,84795102,758260,57551
56,593,4712650,542906,857878
1,831,3455401,380154,716677
62,996,35373,456688,427463
50,723,3572029,60042,677818
75,867,49421229,881026,860584
11,410,86789729,823819,386466
38,907,42596475,573498,373049
24,260,42968331,234942,965487
20,760,66068684,44408,858598
71,906,23533381,791210,350507
74,387,61189906,324342,83733
36,237,22216674,769088,600431
67,789,11168373,179545,209465
47,227,81955692,554014,720136
99,529,15098114,631238,662523
31,537,18321341,196801,10131
11,68,9773127,114762,429403
14,455,86481309,697412,870911
87,108,17652265,927551,43701
72,569,48990912,54605,529575
67,80,32964838,903680,958843
73,625,12681631,385599,522396
42,685,60706389,66493,9220
19,380,34962173,989680,604651
24,40,28776017,277025,107897
36,741,38998597,96322,791137
92,710,41321032,694036,657741
64,706,35845284,25371,520277
6,967,92434211,538537,189980
84,797,45476721,998626,868783
43,98,73641935,336307,469950
69,793,76462387,176268,679382
15,575,73462381,860228,59351
81,451,65730415,170193,298678
22,893,94713892,837482,624074
26,546,20810629,837234,578561
88,564,56019813,108202,38334
16,173,30128874,484857,326480
86,150,26446535,482319,624917
68,574,15416471,492994,711222
16,735,67937900,753455,940549
72,514,20708655,591462,631760
37,699,81719009,681528,245646
20,136,89004808,457410,205475
59,278,43650990,72624,21398
7,396,68411104,257621,608540
59,44,45087528,7581,818080
94,648,52103018,585671,832707
25,966,73530539,89317,220102
31,855,75688116,694661,936843
52,387,52649303,48098,940912
67,278,74584115,432615,523905
49,79,30125645,292484,816800
68,341,67784494,608931,517329
56,231,93625947,680512,703919
54,42,42035787,508540,178594
11,241,45901249,245797,579494
98,869,87258342,322013,969727
93,863,14804778,932709,496136
25,303,69546355,87757,357511
68,908,48373454,944490,138376
20,865,79624862,725700,666193
39,961,39515468,71294,895109
81,50,53108800,714020,212605
57,682,50589987,307084,977459
26,124,37082017,296474,554548
71,976,3516955,89814,830648
88,342,21936858,426314,591211
51,693,29210492,268718,406181
60,595,71434578,687163,471828
98,704,22176276,286284,369664
84,810,79834970,408065,70019
10,917,47923716,981173,963998
45,579,2807898,425251,260258
82,62,47544236,481026,678502
100,736,64542865,819192,863511
50,602,46711346,500642,669109
60,894,84864425,32346,133125
4,343,96235071,775600,943939
41,378,1195662,136693,216682
67,801,39118925,904639,872975
82,354,44578089,880819,216981
77,120,66486411,303063,161004
4,127,78854695,305143,21324
98,289,47402874,495650,991847
84,980,42449568,508791,981338
27,765,97726662,947931,117830
95,262,71336805,882326,811020
6,141,76432639,212284,856325
72,466,28072122,920171,948513
26,293,33817762,642719,36602
20,766,5689514,571924,251548
70,277,56959621,229736,350282
52,340,39047039,747544,297819
50,653,98219541,910674,491846
85,621,91204920,585981,309215
50,556,45973391,539454,808115
63,383,30111187,488478,66224
5,305,86997412,828776,581757
62,407,20096821,571466,310624
35,410,46671939,110251,863737
23,891,66440438,702176,1329
66,69,70581865,597128,845617
55,615,52326360,673682,388401
54,511,68014960,482716,328533
94,642,84083589,7058,611147
90,897,62107044,716,813390
86,490,95251627,399632,626615
36,565,16457387,81693,408818
56,513,35805998,459321,812906
62,886,79712600,483322,355203
68,2,25795282,415745,461256
43,932,70711880,685694,672027
95,592,8937235,287370,332211
3,899,42801472,123863,6340
8,89,67880550,544980,47353
98,152,22912046,161716,199498
12,327,44262666,853446,833915
31,24,59647480,241843,734384
51,742,32354942,374207,380219
73,647,86116999,742418,721195
95,260,64308909,133943,167725
67,252,88012421,777784,871557
89,478,86788350,468232,477681
52,331,98006486,168942,241437
50,956,56481263,162827,910462
75,659,74725074,127703,472442
65,987,1713462,150330,941068
19,168,39896454,452879,160908
46,84,13897922,9530,380993
50,878,63818890,838951,799143
17,87,23505186,887667,385986
88,836,40632294,229353,366411
67,557,59639644,408184,612335
100,13,9522620,839468,453718
23,281,63498613,418610,46960
38,451,13859541,96589,579189
64,331,61576591,803578,284425
37,869,73912561,425327,997671
33,565,82285852,429624,937375
27,490,93326605,198227,333838
25,721,92914557,665246,505913
99,415,6112138,317890,610759
42,194,14478011,585676,73943
56,937,68239394,20052,274063
29,365,61745250,384610,539345
40,149,30446547,294394,255788
30,169,4888413,907142,424310
72,998,51822085,173154,981419
50,960,18968930,383456,248513
30,852,85942568,951954,800809
21,982,36314907,868222,164774
33,86,36259740,917174,646656
53,827,18339873,827703,784232
60,626,80064616,200173,50080
86,785,79589873,133687,251345
17,346,90320594,433324,52427
8,236,90092412,822599,541613
60,898,31576129,716757,44988
97,310,5860779,544236,651112
48,667,6197807,127598,47811
90,622,51303663,925465,103172
36,423,54975385,348229,874144
63,211,36648398,121159,431367
15,548,33550175,704118,662870
44,265,35276712,844102,339541
23,173,79381706,510904,448486
2,507,13048457,565737,624016
95,311,44805129,557653,444761
49,912,58366263,423598,506919
73,202,32441001,914130,419751
94,821,70100117,486761,485530
46,533,99598012,611579,39861
61,335,80942706,888698,850874
98,48,21084632,388994,629155
4,456,19187455,678847,792904
50,640,18460866,669518,450427
60,822,65805666,190164,948280
44,880,36888035,322411,821376
72,631,24682683,619213,300829
51,160,97934962,23256,791006
24,224,82233614,713193,965923
95,282,24936423,817501,147884
83,850,22503540,486548,601641
37,973,43572712,65796,944232
34,933,36587519,404629,494615
81,548,30334848,62436,313097
44,574,14834028,111274,384152
80,912,20817840,609778,942401
93,435,9590549,173475,554389
78,8,13799648,289308,427517
1,927,30390282,597821,814899
50,83,40789253,515115,582764
100,625,30225011,208315,337595
86,675,39800052,651230,557110
23,16,59391485,99654,815357
33,380,69687346,852476,388214
61,852,31506545,632254,198034
68,525,46652228,123653,657063
20,353,13572976,30086,8103
61,783,33724291,847667,916100
79,702,32674386,412446,646706
90,85,88720966,77240,369097
93,502,8780908,567255,361567
41,166,8495139,827294,874332
52,185,46370140,768061,27528
64,758,30151963,727821,120185
22,967,22426465,936144,965267
61,957,5549317,507910,517089
23,899,18072891,412711,203233
42,505,65310398,788974,448037
100,570,5160535,79409,175457
1,984,69100268,292346,574344
82,831,26288985,958914,540942
81,986,27584294,478847,493683
10,106,54378832,364028,146896
75,413,83730240,874702,604448
42,521,74969429,240701,33533
18,303,731429,112250,755422
53,838,31659773,995656,417201
17,98,62455659,736212,448452
92,226,45362455,34039,982507
46,925,28466252,807869,211580
94,606,28112050,485581,304911
42,621,64758924,723470,347986
64,506,53862575,817519,56676
57,442,11932532,504311,691907
75,825,14544007,393388,132812
1,986,2919728,253434,84011
89,277,42252301,2431,849081
60,60,86374670,448470,757931
21,528,42460227,573291,826986
89,457,39939258,643552,461478
91,214,92329643,373290,689067
27,741,93463157,508572,473898
13,352,84459633,261937,229946
24,33,84577328,523534,20590
27,510,3066974,304073,844788
14,376,80428337,435539,820864
100,698,24173138,477668,153528
22,674,96610044,261675,916111
25,575,6268854,868570,603993
66,97,77035550,405576,874409
71,918,82325019,639328,392909
54,401,2465635,704476,185627
83,211,61937435,555230,891718
44,452,81764305,45236,116336
11,843,47914450,926229,595646
6,584,44422375,980979,801438
73,340,89545735,220850,702322
24,421,10942023,973364,369893
34,159,61992974,402854,918992
68,407,23953467,851445,784775
77,725,14332794,90510,453492
52,896,87398655,479497,846018
25,387,55228935,150669,720191
15,56,63297553,639367,641540
25,844,25014153,27811,503625
70,85,11255464,264523,245764
58,410,14309424,228845,81078
88,529,60007898,898603,983967
5,656,95975535,400143,377780
42,189,61388703,890379,240382
65,892,30720226,23080,46777
21,618,72816733,876595,917979
62,892,73090930,23353,188099
72,342,62461870,17993,610859
17,571,42872753,202625,873842
67,129,65781282,65314,494208
49,944,6195457,489769,516555
12,546,55329416,362295,61683
51,451,91197803,435564,616878
31,891,79004107,630530,864874
6,268,65357967,675973,406785
6,126,53832146,744988,971136
85,204,98131424,179658,74916
28,851,98073005,73449,537841
95,770,90405080,135006,32356
4,226,93846398,501892,44768
48,425,15964596,398714,553502
5,932,88845269,735421,281199
79,121,78946066,756112,727487
25,20,80076558,927996,484970
7,915,73853034,308913,713706
30,955,89880382,935558,136316
19,658,34177641,840318,992085
50,924,57815940,485081,804116
78,762,87229492,962683,147254
12,561,83484995,992884,703945
32,459,6254865,445415,214315
36,235,91631962,177044,305349
3,721,15517723,894976,428329
19,445,43893232,645070,721331
72,668,27628103,856716,70608
76,350,38114265,725171,98002
9,24,40630627,982644,297369
42,852,53602203,220045,718247
84,447,47633946,599238,170486
4,499,6224841,617656,499484
56,461,26462988,610435,582762
20,615,37816437,257306,651293
85,999,5427853,586052,582649
55,793,10392411,86557,757103
39,539,69153570,386362,379033
44,531,32443468,714140,546168
15,347,1328787,78124,542319
77,187,72323590,422019,214782
81,740,84418094,546162,936576
8,964,80516942,581046,597311
79,682,74003952,836297,827601
52,751,73105584,327973,32009
45,353,1893640,804877,270840
96,174,69032034,568827,709528
41,714,22347978,44929,167667
88,800,45609815,83089,988505
70,914,21390198,193303,408419
64,860,69269989,11041,104425
20,918,65118642,72642,262139
15,854,601414,112655,508925
59,813,40712108,605313,715560
33,594,54370870,783207,997175
68,100,28429596,251286,249736
58,173,18678895,646848,623481
67,410,96066174,581345,802428
82,907,93230531,4937,16283
6,196,37843067,736830,148968
82,827,32726138,320591,871847
69,836,55908439,811102,153927
97,286,77009981,532451,285115
54,75,42819866,470934,937900
28,915,302166,999003,560326
27,316,95410568,191517,693669
24,44,64234407,822787,360424
41,170,24997024,877760,287119
78,410,80439494,472863,398533
71,713,65093881,827312,586020
57,374,18828826,104987,579170
10,330,96174043,871076,265682
95,501,32886219,222182,690399
26,211,86864978,489475,539006
45,751,5066226,216906,743734
25,49,95828292,703782,949541
67,955,94660556,542986,471391
56,914,83244183,129384,900917
90,868,67619794,1994,987289
5,647,95046103,297781,957452
27,644,24015266,418327,500367
70,310,23640615,759448,431443
76,216,44352239,808182,79748
67,292,82741388,460346,659902
44,217,69337017,680607,804380
45,11,64007134,419641,61642
85,996,89782133,484822,892594
52,509,89602165,610162,597174
15,174,46232791,431514,581911
53,147,1611643,22995,573258
46,709,30565863,313757,271440
49,678,86444271,969067,318621
21,593,97041587,749737,833444
92,47,42957548,483323,506661
76,772,86131357,373146,838607
74,688,52506416,626361,244269
12,753,29552542,564421,788680
34,543,28399782,423756,787519
13,87,41152939,13936,500816
39,742,49344044,262852,871589
12,131,83039574,121779,240765
17,785,50084302,887202,109268
45,934,23333672,826491,108085
7,732,79690097,102545,524301
25,854,23281400,433234,585909
78,332,47826821,604915,805716
43,691,47046908,32949,352843
15,492,41981124,26469,513846
75,198,79661553,621317,821266
86,949,96854052,105182,603749
11,374,66747638,844434,329103
47,368,69626687,208898,559224
21,202,92681309,169454,477849
85,999,14121441,805524,467696
60,312,406826,315471,457727
2,666,95453884,238756,593316
25,637,8055521,383473,376347
78,226,20560512,127741,883828
86,1,65973605,589966,574628
38,117,17511402,134524,821065
89,445,19965396,41648,996834
7,10,1993253,396871,93159
13,925,57649572,428933,489598
3,452,98607354,552177,823707
54,500,55193169,525496,4099
82,135,84944353,945652,705823
76,538,21005742,740712,721858
64,118,73114860,42005,415832
18,934,72580841,914441,656794
59,197,50481017,899357,171472
12,951,37139798,887088,13865
15,455,39295385,335568,709157
28,492,36271820,201600,566166
49,993,54264736,887852,104346
91,997,41190596,927104,850550
88,977,38587602,15815,885771
91,945,52043871,978536,412918
54,907,43349780,741263,600074
27,991,20633198,253816,963125
17,944,88372928,726122,428381
22,395,862815,526845,426388
70,376,34667443,435253,994540
87,774,15811850,698752,299861
13,211,82452296,973665,122910
65,40,31956165,73558,692209
1,82,563284,832262,404963
66,893,58147403,131529,582399
51,995,61716354,353482,268840
51,289,2215069,905647,192865
86,87,70277272,73343,264607
82,414,44751844,548803,896705
77,930,57941736,233012,540941
57,103,28858486,477837,37338
59,7,44134953,252591,412177
51,67,5563881,73789,941452
39,746,59292350,200006,968403
46,998,5123728,338556,162580
5,645,57282847,717761,571594
9,865,13508777,420498,494865
4,777,75553711,143652,789550
14,44,45989891,322818,458224
57,670,32631635,227322,670867
83,968,29507989,338315,663699
83,319,20021377,56028,642262
60,158,5697736,527069,287245
67,860,21426415,918329,445076
90,108,14987287,483093,440942
29,60,58385156,360214,321112
25,947,94863310,748155,433650
83,297,34685077,176429,389914
97,475,74423235,800355,590317
90,528,72311560,661127,760763
75,43,21383398,245321,859026
77,284,856893,414636,200204
46,80,73374563,433301,454798
78,592,22390745,56913,482268
74,12,24455440,106848,193526
86,742,27252896,945896,872004
44,24,4755242,493791,858209
83,932,98517661,219008,76192
93,684,11032725,471365,411170
47,5,84555429,887154,703915
44,500,35335704,717700,83231
30,662,92079187,237881,486193
8,671,65077878,806248,319210
35,6,89641838,935033,212230
79,639,39323456,880687,825318
63,408,45147092,686963,733578
40,428,75573061,491145,519403
1,739,47013727,824398,845680
99,574,99388675,257501,375766
37,453,34806853,796379,309434
49,192,19674747,610077,374821
75,716,67069949,367694,695204
73,756,3337892,738443,115858
76,454,43305240,149511,428976
36,671,18500540,383082,948009
68,910,4759268,369299,670338
36,544,2898005,716073,427374
13,885,73366722,881724,801458
88,305,75737940,43578,534506
25,908,84499245,341582,723048
62,587,16979618,817504,809246
1,134,72375737,816003,505736
14,638,15228736,985074,162753
96,15,76832716,274335,864540
2,284,74879274,572504,974969
93,448,43355195,202882,244230
39,735,51817326,984144,409557
52,784,1422057,185262,312535
81,492,1794342,835667,375447
21,872,11809021,963274,258706
70,217,2291018,201972,218414
46,811,40622277,9570,95973
6,480,12104850,854329,834943
35,459,17069994,420535,209358
7,973,58695846,52735,482432
65,876,18105726,931887,845279
40,150,912670,144565,474421
30,506,97308251,437529,143424
70,368,90685401,967053,24117
10,517,79974971,579547,442417
64,862,45855352,225257,723734
98,658,86128441,756418,357790
93,956,93384373,241304,622170
15,180,27156436,649583,49360
95,440,5975416,193422,462132
68,94,85530467,956495,116404
100,603,64090322,7229,750203
30,528,12856521,216093,641100
95,649,66994448,122405,807009
2,455,40887985,828499,169335
50,470,2378823,701864,721639
53,944,23835453,127385,630919
51,610,88001347,45344,850654
10,264,20818683,456855,272405
70,56,95565786,814625,552859
64,436,35692263,951021,944182
27,152,99502944,817051,38880
89,522,59593527,220859,476377
33,239,71721941,405559,39029
24,976,18523906,495051,957251
65,745,75350548,439507,404169
75,463,86878240,661408,365593
32,90,55210957,575752,413558
98,377,81436859,937424,147397
86,930,24397076,294914,377405
40,661,45219683,20321,333434
93,979,50233569,954225,655216
51,502,66886706,958369,117685
89,714,32668274,317440,135530
19,730,87902224,667525,587042
54,127,22456196,628475,408249
71,121,45873704,76788,231721
76,674,53104667,893163,243755
91,903,46615325,384035,233219
8,58,19157321,198860,38554
43,593,37786726,166213,690311
3,364,39951566,137999,128755
8,748,5979057,663295,410792
19,247,69313033,642993,175751
84,285,97160796,828309,105587
37,242,93625265,435915,878836
60,848,10440891,564727,549193
17,475,313144,433103,351197
20,210,52398871,310564,618174
46,15,88114225,449856,425156
51,241,47247342,419624,96573
52,545,55494373,882718,508569
95,536,37868927,289994,751109
70,514,21931530,252172,1035
3,506,34056249,206578,678083
94,959,27802888,633057,966564
85,291,54560894,567309,777473
45,311,38695758,541266,274170
85,152,55817838,775170,663993
97,940,40064343,166687,723397
97,245,45173225,249351,311247
80,197,42992714,413435,482289
88,717,55573578,132639,716927
30,774,9843819,823529,45953
69,234,72932067,868476,798981
66,523,59932458,534515,943126
23,860,44343980,958561,451713
100,72,38740650,607408,387842
40,976,22291494,993075,484789
49,619,9019072,469293,656303
9,696,77896417,514960,792009
17,161,69422122,494767,676598
89,151,56087420,745312,345750
25,938,74406753,947442,592973
59,514,36908110,240447,247841
49,334,92221640,901446,83144
14,990,13706946,376737,23772
86,617,24314880,795042,100581
73,860,65832529,28733,306979
1,909,55981982,417114,255702
13,226,42410330,244244,791353
99,52,87728858,205515,594924
96,481,17037530,338262,809032
19,672,86448987,859135,298194
64,316,40438414,527690,762908
73,311,68791341,463954,138484
13,374,45958375,765970,884901
54,909,42623147,915003,73541
52,376,28903417,102025,112856
61,448,26123542,731617,418627
80,165,95075978,986630,857628
41,701,82317343,894216,983419
80,630,28644356,753432,116344
76,896,20897853,286020,62618
84,685,19854391,732772,951432
6,746,88607560,776794,860061
38,767,96263680,239282,194101
39,886,18277054,654531,690902
52,861,61032968,536575,254887
25,243,49881854,880731,105674
82,400,7332803,902198,332583
10,22,9236176,69711,678920
20,152,1628910,771681,155463
94,277,49071125,904424,369535
94,724,93124466,393220,15101
57,217,68942458,838109,760526
54,722,13733953,259179,740111
78,553,64637335,396176,513129
85,811,51318381,6264,614483
35,78,13000510,406605,106618
97,386,45096952,582555,291773
25,386,17718850,385901,978944
26,768,78512024,493221,316752
41,35,41936423,490648,958677
43,598,39106138,86777,76878
35,568,39362045,269185,886865
7,125,46012525,487086,572128
46,903,93170362,109170,55338
30,179,98906350,13606,105507
16,52,36904044,232590,768255
40,843,45692740,601275,384973
29,449,81969673,688946,429671
61,133,50469468,919308,677421
7,668,10174272,642764,612747
11,461,25870233,769967,714565
53,605,4197878,280729,784976
7,596,7816577,61804,560017
12,363,90199516,543929,524575
16,292,34296875,857222,719264
26,671,1712721,289048,916579
25,143,81121652,302126,822464
7,279,67300024,725141,677432
86,901,89738684,805199,858046
33,901,81429788,628789,207804
71,612,7046397,424584,998955
41,820,95464891,985660,369090
3,220,37266102,515431,379489
67,832,9607022,764496,410812
29,700,83150454,314607,843912
17,498,96922667,285723,541664
60,196,29687272,826121,298264
65,596,43723270,761063,893746
65,494,24513231,407567,762592
30,428,77763787,99533,790634
50,193,21494554,755526,5983
61,868,60135382,811171,917554
50,410,599183,196564,687844
10,380,34455471,657736,943786
3,163,26758139,603685,887733
95,94,62073451,571580,900872
21,968,64476916,668642,897207
3,155,84971046,653405,688361
55,546,36248498,889399,690857
66,700,53646957,193526,826558
80,753,7445867,1691,97403
57,954,68213770,394195,900407
54,693,92383852,475258,555944
76,778,49287562,332469,262445
76,26,93341902,980101,23791
97,172,46540233,432302,416428
24,539,74260575,960896,980290
52,63,42822057,323633,60625
76,587,20261278,462365,470882
11,798,88201133,706176,313944
1,532,27390451,144916,202701
50,377,32815862,468104,61464
77,821,37815314,462674,38828
31,974,31101096,471717,666847
11,402,55022538,378579,415257
81,204,3351128,575998,555644
43,970,78211469,833422,271900
20,469,39669622,342856,651786
20,709,47837981,517877,522680
1,11,32563033,359988,278674
19,721,55892295,624473,825393
78,953,21689642,885940,833424
7,728,41219220,837349,967409
25,858,70837844,955376,254759
65,335,65428938,971658,318510
78,306,76101408,849505,726977
65,301,65005316,709127,835605
35,496,20819889,214653,463321
85,768,82887199,776750,388752
70,770,63702162,425770,75460
50,136,43645374,553042,274836
7,473,27954518,403877,471879
44,888,93262259,524224,736677
69,990,31404661,103831,648725
22,454,68472896,787770,85103
59,149,72841610,861728,974985
89,739,81900107,869824,651930
29,678,57424714,451109,556206
75,175,29266439,96892,506192
68,991,62955023,266578,621344
83,267,26859597,211377,566344
46,193,87483328,620927,65474
52,106,80874027,880101,224049
43,364,81877116,80199,870553
89,720,16540718,987179,137750
63,60,46470669,745636,501621
21,880,35635161,276880,884602
81,452,26675769,654127,537156
31,561,46372714,40489,126100
9,465,30215287,865177,121442
7,722,12575764,353043,426336
3,192,79408922,529549,752266
38,303,32345661,102881,686731
13,551,73546337,732746,570145
25,654,37940698,771018,177530
68,239,99237055,429507,362675
27,179,40122865,993805,152962
16,165,3338018,417571,349758
17,925,25769031,755042,877408
27,926,49429437,97164,578313
86,76,61804176,939727,325106
59,804,54957458,242872,871787
21,817,63627242,571012,67252
76,902,24148577,894644,979372
95,811,10611261,511529,394139
62,456,40446340,39205,48612
80,730,77133581,346379,238711
9,11,8299726,660787,144298
57,765,93612214,595192,20425
63,489,8201479,308925,138491
35,1,69289413,753632,119846
94,651,29316322,171824,570966
37,268,11949449,290217,747815
79,521,29994584,531080,92474
100,281,40097010,795474,395947
46,931,98545699,503206,570480
22,246,55411136,898391,361599
70,159,24705827,552756,273870
85,641,3584310,248371,613943
22,845,34226656,25042,64294
47,486,91442605,718993,299953
31,498,56152828,951913,56153
74,735,64418870,116265,665109
97,428,4075870,397051,156720
64,249,4878326,872450,974597
68,31,10586389,333994,890534
98,993,81400640,506474,209716
43,318,45370416,575138,173240
84,914,59589276,343441,329588
39,426,79747115,484586,850543
85,403,3922186,649645,168466
24,191,19657591,191099,373792
27,612,17027850,410968,190721
2,364,28337028,49304,962997
58,687,45479022,971321,203480
30,552,54363187,101228,520591
66,727,95344955,992691,647227
71,173,91668855,902155,973742
32,98,31452634,886350,471415
68,279,73646895,149174,297008
51,349,43618956,701,843427
74,320,43835527,337348,69723
22,333,43001917,369282,378529
23,518,92768338,700331,423762
63,663,88578279,81822,203957
93,873,36021167,402464,233917
79,185,40916464,245489,728738
67,44,97287691,468954,400644
56,315,63584975,812093,316816
36,870,83336011,356226,154291
22,754,81131960,182379,691619
51,501,85689322,57712,318557
93,8,97946440,374526,996956
69,790,1557450,331323,797089
55,269,32445254,212739,831446
11,845,31276299,581415,425754
30,136,53035392,894377,116306
65,761,30628062,177832,429699
82,255,38257623,906102,824065
11,675,42833326,693693,622975
91,585,56481662,589840,320779
89,800,11339430,25327,356741
20,886,80097292,954062,134898
29,713,28108606,301272,421316
44,877,27945580,123111,707865
31,602,26458164,311831,342383
41,710,90831841,897671,605996
40,932,59573670,858384,711269
6,884,98604005,529638,667204
88,155,45088355,387372,351507
40,191,73250,388244,685373
77,484,35605227,773358,949329
29,202,51014083,282753,647163
99,657,7166464,224514,233958
65,462,36355246,674327,962302
99,724,212097,428967,931982
83,990,40624294,649072,501757
42,80,1099774,596871,338701
15,929,59991283,214648,205538
99,315,31801424,274179,579587
81,233,88590555,664714,299241
100,64,32809379,216255,211803
41,154,94068088,790900,580198
23,64,71606172,668880,993813
74,527,85266599,713410,95256
60,547,7632634,395734,468826
26,914,66610584,629396,382985
97,354,87905762,622141,797079
34,889,17984470,236820,140964
49,438,23632482,298633,675737
91,665,53337581,937746,449662
63,517,96871127,757130,132058
96,123,96911740,257491,196079
44,296,76671808,798423,70480
77,280,2183448,495443,421828
1,410,62963594,843481,305010
96,172,53957082,375738,408523
67,953,89370577,103215,387945
34,439,10955647,80950,756653
52,258,48762566,76707,190013
59,243,50245294,437754,391468
35,771,67950435,480795,159959
45,707,81222746,954196,852301
4,119,78238000,565430,459939
100,554,81806980,998515,721238
32,897,97601981,707039,94486
51,180,67363874,568273,353918
90,575,84338127,961985,671226
47,174,81160234,757081,63318
53,795,45746037,289406,166979
53,467,31945995,201290,650143
71,128,37652260,53126,223613
53,540,70894763,290324,60657
97,51,26121588,387318,28659
76,82,23311927,630730,144601
10,906,64084739,50038,454166
13,14,99528675,295932,784118
21,501,67509244,656726,551598
57,649,40792609,867584,626904
4,570,14857414,372086,302919
81,58,36150233,53781,703319
36,47,80033912,575595,968265
69,95,84879039,717855,224668
3,794,23865023,761061,99643
43,68,69630694,946688,23853
50,222,32268695,872178,205801
84,643,61516915,527357,480717
81,109,79483065,402177,481847
22,21,66952156,185098,516793
34,310,19695779,860503,752312
3,777,38091944,16787,627811
81,417,36736086,347120,702804
83,433,65050019,361341,800818
35,442,63043804,148900,519785
63,3,84901419,805393,807554
93,444,76927782,93572,910101
85,309,4908046,289767,201593
38,546,42801410,547889,547764
60,144,11175316,224780,739629
29,426,62364587,843410,750685
84,567,63370725,879617,373433
29,143,41769250,507895,323439
46,34,35815101,366404,227162
94,743,65005305,526416,811395
31,205,58112898,613519,241346
3,332,79230526,416666,704323
88,42,83096164,36059,780519
12,864,71227848,913844,228018
14,944,77495030,915326,216154
26,431,25490492,168786,302263
86,561,44590917,197026,123957
84,22,32109397,439326,892285
39,476,12447398,789065,45541
63,47,27903506,482478,855064
42,145,86728860,482436,32824
64,562,4968910,464675,281029
55,682,68198429,775606,445670
17,308,2185443,750382,634204
17,185,25813212,16791,781071
74,342,52718721,143027,550244
31,297,36390744,40821,459254
53,917,92803228,486914,765623
100,562,98371384,692759,876809
71,731,90717626,886146,427563
78,462,29593424,14876,366036
85,549,90201750,353173,115020
37,130,8827233,533345,704817
4,790,54448465,20275,485715
5,635,10579050,836347,565429
79,367,90167832,504759,28836
27,471,1110177,957901,109044
85,728,51119299,259110,308086
77,628,82577071,117344,734832
96,567,83145589,891580,266310
7,898,45368828,723040,781256
60,102,89563136,881954,541514
60,490,24672195,214674,610141
64,,,,
1,,,,
21,,,,
6,,,,
61,,,,
79,,,,
23,,,,
84,,,,
6,,,,
18,,,,
97,,,,
5,,,,
5,,,,
70,,,,
66,,,,
93,,,,
15,,,,
16,,,,
61,,,,
27,,,,
25,,,,
13,,,,
64,,,,
39,,,,
79,,,,
31,,,,
93,,,,
27,,,,
92,,,,
25,,,,
71,,,,
74,,,,
93,,,,
86,,,,
74,,,,
73,,,,
21,,,,
69,,,,
77,,,,
83,,,,
64,,,,
19,,,,
83,,,,
34,,,,
70,,,,
17,,,,
61,,,,
17,,,,
20,,,,
60,,,,
72,,,,
94,,,,
3,,,,
14,,,,
98,,,,
77,,,,
22,,,,
62,,,,
44,,,,
43,,,,
97,,,,
60,,,,
68,,,,
33,,,,
47,,,,
12,,,,
42,,,,
90,,,,
36,,,,
6,,,,
14,,,,
1,,,,
50,,,,
54,,,,
38,,,,
69,,,,
1,,,,
26,,,,
55,,,,
72,,,,
90,,,,
66,,,,
41,,,,
7,,,,
23,,,,
99,,,,
25,,,,
63,,,,
84,,,,
17,,,,
72,,,,
2,,,,
76,,,,
23,,,,
46,,,,
16,,,,
29,,,,
7,,,,
39,,,,
6,,,,
69,,,,
81,,,,
8,,,,
27,,,,
25,,,,
63,,,,
53,,,,
60,,,,
69,,,,
35,,,,
84,,,,
60,,,,
47,,,,
35,,,,
26,,,,
45,,,,
2,,,,
85,,,,
22,,,,
41,,,,
91,,,,
76,,,,
15,,,,
51,,,,
73,,,,
35,,,,
57,,,,
73,,,,
15,,,,
17,,,,
63,,,,
60,,,,
16,,,,
2,,,,
31,,,,
77,,,,
14,,,,
23,,,,
73,,,,
86,,,,
93,,,,
35,,,,
80,,,,
74,,,,
8,,,,
54,,,,
7,,,,
15,,,,
6,,,,
36,,,,
7,,,,
14,,,,
97,,,,
76,,,,
22,,,,
19,,,,
43,,,,
60,,,,
46,,,,
38,,,,
66,,,,
21,,,,
41,,,,
55,,,,
50,,,,
6,,,,
57,,,,
46,,,,
18,,,,
58,,,,
32,,,,
38,,,,
8,,,,
39,,,,
41,,,,
4,,,,
90,,,,
71,,,,
48,,,,
66,,,,
45,,,,
87,,,,
88,,,,
20,,,,
37,,,,
59,,,,
70,,,,
50,,,,
37,,,,
91,,,,
63,,,,
75,,,,
42,,,,
60,,,,
39,,,,
49,,,,
19,,,,
63,,,,
12,,,,
69,,,,
90,,,,
25,,,,
80,,,,
1,,,,
32,,,,
35,,,,
11,,,,
22,,,,
82,,,,
76,,,,
9,,,,
3,,,,
86,,,,
44,,,,
61,,,,
38,,,,
6,,,,
31,,,,
75,,,,
68,,,,
88,,,,
72,,,,
65,,,,
80,,,,
69,,,,
40,,,,
31,,,,
6,,,,
36,,,,
82,,,,
50,,,,
76,,,,
27,,,,
63,,,,
35,,,,
20,,,,
24,,,,
23,,,,
47,,,,
82,,,,
17,,,,
28,,,,
2,,,,
92,,,,
84,,,,
23,,,,
55,,,,
58,,,,
69,,,,
92,,,,
95,,,,
31,,,,
14,,,,
61,,,,
58,,,,
80,,,,
76,,,,
82,,,,
33,,,,
22,,,,
2,,,,
91,,,,
40,,,,
26,,,,
90,,,,
92,,,,
18,,,,
90,,,,
56,,,,
12,,,,
17,,,,
69,,,,
3,,,,
83,,,,
19,,,,
75,,,,
10,,,,
94,,,,
8,,,,
63,,,,
86,,,,
83,,,,
43,,,,
37,,,,
81,,,,
73,,,,
75,,,,
51,,,,
7,,,,
55,,,,
75,,,,
71,,,,
53,,,,
30,,,,
23,,,,
37,,,,
76,,,,
51,,,,
31,,,,
24,,,,
82,,,,
44,,,,
95,,,,
69,,,,
84,,,,
70,,,,
82,,,,
63,,,,
25,,,,
14,,,,
69,,,,
16,,,,
82,,,,
27,,,,
69,,,,
44,,,,
9,,,,
20,,,,
6,,,,
96,,,,
86,,,,
84,,,,
53,,,,
40,,,,
76,,,,
54,,,,
41,,,,
42,,,,
65,,,,
88,,,,
10,,,,
2,,,,
19,,,,
56,,,,
16,,,,
43,,,,
50,,,,
10,,,,
34,,,,
27,,,,
18,,,,
61,,,,
16,,,,
45,,,,
78,,,,
73,,,,
98,,,,
56,,,,
26,,,,
48,,,,
100,,,,
7,,,,
15,,,,
69,,,,
28,,,,
100,,,,
22,,,,
40,,,,
32,,,,
20,,,,
89,,,,
37,,,,
31,,,,
40,,,,
1,,,,
38,,,,
57,,,,
49,,,,
6,,,,
73,,,,
14,,,,
95,,,,
81,,,,
94,,,,
69,,,,
69,,,,
66,,,,
79,,,,
37,,,,
12,,,,
74,,,,
57,,,,
92,,,,
73,,,,
74,,,,
45,,,,
85,,,,
4,,,,
74,,,,
76,,,,
63,,,,
25,,,,
41,,,,
19,,,,
5,,,,
11,,,,
93,,,,
6,,,,
23,,,,
42,,,,
21,,,,
58,,,,
68,,,,
